Compound Name	Clinical name	Clinical provider	Biochemical provider/ZINC/pubchem	Drug Status	Other names	References	Pubchem	Drugbank	Notes	Structure	Group	Human Target	Viral Bait	Mechanism	Affinity (nM)	Affinity Type	Covid Trial	Promising	trials_html
RVX-208	Apabetalone	Resverlogix	https://pubchem.ncbi.nlm.nih.gov/compound/135564749#section=Chemical-Vendors	Phase 3 trial		10.1101/2020.03.22.002386	135564749	DB12000				BRD2/4	E	BRD inhibitor	50-1800	IC50	0	Not evaluated	
Silmitasertib		orphan drug; Senhwa Biosciences	https://pubchem.ncbi.nlm.nih.gov/compound/24748573#section=Chemical-Vendors	Approved	CX-4945	10.1101/2020.03.22.002386	24748573					CSNK2A2	N	CK2 inhibitor	1	IC50	0	Not evaluated	
TMCB			http://zinc.docking.org/substances/ZINC000058638742/	Pre-clinical		10.1101/2020.03.22.002386	46943415					CSNK2A2	N	Multi-targeted protein kinase inhibitor	21	Ki	0	Not evaluated	
Apicidin		Topotarget (defunct)	https://pubchem.ncbi.nlm.nih.gov/compound/6918328#section=Chemical-Vendors	Pre-clinical		10.1101/2020.03.22.002386	6918328					HDAC2	Nsp5	HDAC2 inhibitor	120	IC50	0	Not evaluated	
Valproic Acid	Valproate, Convulex, Depakote, Epilim, Stavzor	generic	https://pubchem.ncbi.nlm.nih.gov/compound/3121#section=Chemical-Vendors	Approved	Dipropylacetic acid	10.1101/2020.03.22.002386	3121					HDAC2	Nsp5	HDAC2 inhibitor	62000	IC50	0	Not evaluated	
Bafilomycin A1	bafilomycin A1		http://zinc15.docking.org/substances/ZINC000169647947/	Pre-clinical		10.1101/2020.03.22.002386, PMID:9572882	6436223	DB06733	Natural; from Streptomyces griseus			ATP6AP1, ATP6V1A	Nsp6, M	ATPase inhibitor	100	IC50	0	Not evaluated	
E-52862		Esteve	http://zinc.docking.org/substances/ZINC000095000617/	Phase II trials	S1RA, MR-309	10.1101/2020.03.22.002386	44247568					SIGMAR1	Nsp6	Sigma 1 antagonist	17	IC50	0	Not evaluated	
PD-144418			http://zinc.docking.org/substances/ZINC5862/	Pre-clinical		10.1101/2020.03.22.002386	9817231					SIGMAR1	Nsp6	Sigma 1 antagonist	0.8	Ki	0	Not evaluated	
RS-PPCC	(RS)-PPCC			Pre-clinical		10.1101/2020.03.22.002386, PMID:17328523	16726095					SIGMAR1	Nsp6	Sigma 1 agonist	1.5	Ki	0	Not evaluated	
PB28	PB-28		https://pubchem.ncbi.nlm.nih.gov/compound/10474335#section=Chemical-Vendors	Pre-clinical		10.1101/2020.03.22.002386	10474335					SIGMAR1, TMEM97	Nsp6, Orf9c	Sigma 1/2 modulator	15	IC50	0	Not evaluated	
Haloperidol	Haldol, Serenace, Duraperidol, etc	generic (Janssen-Cilag AG)	https://pubchem.ncbi.nlm.nih.gov/compound/3559#section=Chemical-Vendors	Approved		10.1101/2020.03.22.002386	3559	DB00502	Common antipsychotic			SIGMAR1, TMEM97	Nsp6, Orf9c	Sigma 1/2 modulator	2-12	IC50	0	Not evaluated	
Entacapone	Comtan	Orion	https://pubchem.ncbi.nlm.nih.gov/compound/5281081#section=Chemical-Vendors&fullscreen=true	Approved		10.1101/2020.03.22.002386	5281081					COMT	Nsp7	COMT inhibitor	151	IC50	0	Not evaluated	
Indomethacin	Indophtal	generic (Bausch & Lomb Swiss AG)	https://pubchem.ncbi.nlm.nih.gov/compound/3715#section=Chemical-Vendors	Covid trial, Approved		10.1101/2020.03.22.002386	3715					PTGES2	Nsp7	Prostaglandin E2 synthase inhibitor	750	IC50	0	Not evaluated	"<a href=""https://ClinicalTrials.gov/show/NCT04344457"">NCT04344457</a>"
Metformin	Fortamet, Glucophage, Glumetza	generic	https://pubchem.ncbi.nlm.nih.gov/compound/4091#section=Chemical-Vendors	Covid trial, Approved		10.1101/2020.03.22.002386	4091					NDUFs	NSP7, Orf9c	MRC 1 inhibitor (indirect)			0	Not evaluated	"<a href=""http://en.irct.ir/trial/46693"">IRCT20160310026998N10</a>"
Ponatinib	Iclusig	ARIAD Pharmaceuticals; Incyte Biosciences	https://pubchem.ncbi.nlm.nih.gov/compound/24826799#section=Chemical-Vendors	Approved		10.1101/2020.03.22.002386	24826799					RIPK1	Nsp12	RIPK1 inhibitor	12	IC50	0	Not evaluated	
H-89			https://pubchem.ncbi.nlm.nih.gov/compound/449241#section=Chemical-Vendors	Pre-clinical		10.1101/2020.03.22.002386	449241					PRKACA	Nsp13	Protein kinase A inhibitor	48	KD	0	Not evaluated	
Merimepodib			https://pubchem.ncbi.nlm.nih.gov/compound/153241#section=Chemical-Vendors	Phase II trial complete 2007		10.1101/2020.03.22.002386	153241					IMPDH2	Nsp14	IMPDH inhibitor	10	Ki	0	Not evaluated	
Migalastat	Galafold	orphan drug	https://pubchem.ncbi.nlm.nih.gov/compound/176077#section=Chemical-Vendors	Approved		10.1101/2020.03.22.002386	176077					GLA	Nsp14	α-Gal inhibitor	40	IC50	0	Not evaluated	
Mycophenolic acid	Myfortic	Novartis		Approved		10.1101/2020.03.22.002386	446541					IMPDH2	Nsp14	IMPDH inhibitor	20	IC50	0	Not evaluated	
JQ1		Resverlogix	https://pubchem.ncbi.nlm.nih.gov/compound/46907787#section=Chemical-Vendors	Pre-clinical		10.1101/2020.03.22.002386	46907787	None	Short half-life makes it unsuitable for trials			BRD2/4	E	BRD inhibitor	40-120	IC50	0	Not evaluated	
Ribavirin			https://pubchem.ncbi.nlm.nih.gov/compound/37542#section=Chemical-Vendors	Covid trial, Approved		10.1101/2020.03.22.002386	37542					IMPDH2	Nsp14	IMPDH inhibitor	100-250	IC50	1	Not evaluated	"<a href=""http://www.chictr.org.cn/showproj.aspx?proj=48782"">ChiCTR2000029387</a>, <a href=""http://en.irct.ir/trial/46713"">IRCT20200324046850N2</a>, <a href=""https://ClinicalTrials.gov/show/NCT04356677"">NCT04356677</a>, <a href=""https://ClinicalTrials.gov/show/NCT04276688"">NCT04276688</a>"
XL413			https://pubchem.ncbi.nlm.nih.gov/compound/135564631#section=Chemical-Vendors	Clinical Trial		10.1101/2020.03.22.002386	135564631					DNMT1	Orf8	CDC7 inhibitor	3.4	IC50	0	Not evaluated	
CCT 365623			https://pubchem.ncbi.nlm.nih.gov/compound/139266765#section=Chemical-Vendors	Pre-clinical		10.1101/2020.03.22.002386	139266765					LOX	Orf8	LOXL2 inhibitor	1500	IC50	0	Not evaluated	
Midostaurin	Rydapt	Novartis	https://pubchem.ncbi.nlm.nih.gov/compound/Midostaurin#section=Chemical-Vendors&fullscreen=true	Approved		10.1101/2020.03.22.002386, PMC4848023	9829523	DB06595				MARK2/3	Orf9b	Protein kinase inhibitor	100, 23	KD	0	Not evaluated	
Ruxolitinib	Jakafi	Incyte / Novartis	https://pubchem.ncbi.nlm.nih.gov/compound/25126798#section=Chemical-Vendors&fullscreen=true	Covid trial, Approved	INCB018424, Jakavi	10.1101/2020.03.22.002386, PMID:30069628	25126798	DB08877				MARK2/3	Orf9b	Protein kinase inhibitor	660, >10000	KD	1	Not evaluated	"<a href=""http://www.chictr.org.cn/showproj.aspx?proj=49088"">ChiCTR2000029580</a>, <a href=""http://www.chictr.org.cn/showproj.aspx?proj=49088"">ChiCTR2000029580</a>, <a href=""https://www.clinicaltrialsregister.eu/ctr-search/trial/2020-001459-42/DK"">2020-001459-42</a>, <a href=""https://www.clinicaltrialsregister.eu/ctr-search/trial/2020-001459-42/DK"">2020-001459-42</a>, <a href=""https://www.clinicaltrialsregister.eu/ctr-search/trial/2020-001405-23/ES"">2020-001405-23</a>, <a href=""https://www.clinicaltrialsregister.eu/ctr-search/trial/2020-001405-23/ES"">2020-001405-23</a>, <a href=""https://ClinicalTrials.gov/show/NCT04348071"">NCT04348071</a>, <a href=""https://ClinicalTrials.gov/show/NCT04348071"">NCT04348071</a>, <a href=""https://ClinicalTrials.gov/show/NCT04362137"">NCT04362137</a>, <a href=""https://ClinicalTrials.gov/show/NCT04362137"">NCT04362137</a>, <a href=""https://ClinicalTrials.gov/show/NCT04354714"">NCT04354714</a>, <a href=""https://ClinicalTrials.gov/show/NCT04354714"">NCT04354714</a>, <a href=""https://ClinicalTrials.gov/show/NCT04338958"">NCT04338958</a>, <a href=""https://ClinicalTrials.gov/show/NCT04338958"">NCT04338958</a>, <a href=""https://ClinicalTrials.gov/show/NCT04334044"">NCT04334044</a>, <a href=""https://ClinicalTrials.gov/show/NCT04334044"">NCT04334044</a>, <a href=""https://ClinicalTrials.gov/show/NCT04331665"">NCT04331665</a>, <a href=""https://ClinicalTrials.gov/show/NCT04331665"">NCT04331665</a>, <a href=""https://ClinicalTrials.gov/show/NCT04359290"">NCT04359290</a>, <a href=""https://ClinicalTrials.gov/show/NCT04359290"">NCT04359290</a>"
ZINC1775962367			https://www.molport.com/shop/molecule-link/MolPort-046-629-001	Pre-clinical		10.1101/2020.03.22.002386, PMID:26771665			dCTPase inhibitor			DCTPP1	Orf9b	dCTPase inhibitor	47	IC50	0	Not evaluated	
ZINC4326719			https://pubchem.ncbi.nlm.nih.gov/compound/661498#section=Chemical-Vendors	Pre-clinical		10.1101/2020.03.22.002386, PMID:28145708	661498		DCTPP1 inhibitor			DCTPP1	Orf9b	DCTPP1 inhibitor	19	IC50	0	Not evaluated	
ZINC4511851			https://pubchem.ncbi.nlm.nih.gov/compound/3163969#section=Chemical-Vendors	Pre-clinical		10.1101/2020.03.22.002386, PMID:28655422	3163969		dCTPase inhibitor			DCTPP1	Orf9b	dCTPase inhibitor	20	IC50	0	Not evaluated	
ZINC95559591			https://pubchem.ncbi.nlm.nih.gov/compound/44465558#section=Chemical-Vendors	Pre-clinical		10.1101/2020.03.22.002386, 10.1016/j.bmcl.2012.09.063	44465558		protein kinase inhibitor MARK3			MARK3, TBK1	Orf9b, Nsp13	Protein kinase inhibitor	12, 6	IC50	0	Not evaluated	
AC-55541			https://pubchem.ncbi.nlm.nih.gov/compound/9589606#section=Chemical-Vendors	Pre-clinical		10.1101/2020.03.22.002386, 10.1021/jm800754r	9589606		protease-activated receptor 2 agonist			F2RL1	Orf9c	PAR agonist	6.7	pEC50	0	Not evaluated	
AZ8838			https://aobious.com/aobious/g-protein-coupled-receptor-ligands/13022-az8838.html	Pre-clinical		10.1101/2020.03.22.002386, PMID:28445455	126961334		protease-activated receptor 2 antagonist			F2RL1	Orf9c	PAR antagonist	344	IC50	0	Not evaluated	
Daunorubicin	Cerubidine	generic	https://pubchem.ncbi.nlm.nih.gov/compound/30323#section=Chemical-Vendors	Approved (cancer)		10.1101/2020.03.22.002386	30323	DB00694				ABCC1	Orf9c	Topoisomerase inhibitor	70	Ki	0	Not evaluated	
GB110			The synthesis is described in the original paper.	Pre-clinical		10.1101/2020.03.22.002386, PMID:20873792	49843508		protease-activated receptor 2 antagonist			F2RL1	Orf9c	PAR2 agonist	280	EC50	0	Not evaluated	
S-verapamil	Isoptin	generic	https://pubchem.ncbi.nlm.nih.gov/compound/2520#section=Chemical-Vendors	Approved (hypertension)	Calan, Verelan	10.1101/2020.03.22.002386	2520	DB00661				ABCC1	Orf9c	Ca2+ channel inhibitor and drug efflux transporter inhibitor	113	Ki	0	Not evaluated	
AZ3451			https://pubchem.ncbi.nlm.nih.gov/compound/126961335#section=Chemical-Vendors	Pre-clinical		10.1101/2020.03.22.002386, PMID:28445455	126961335		protease-activated receptor 2 antagonist			F2RL1	Orf9c	PAR2 negative allosteric modulator	15	pKD	0	Not evaluated	
ABBV-744			https://pubchem.ncbi.nlm.nih.gov/compound/132010322#section=Chemical-Vendors&fullscreen=true	Phase I clinical trial by AbbVie, advanced prostate cancer (NCT03360006)		10.1101/2020.03.22.002386, PMID:31969702	132010322					BRD2/4	E	BRD inhibitor	2.1	KD	0	Not evaluated	
dBET6			https://pubchem.ncbi.nlm.nih.gov/compound/121427831#section=Chemical-Vendors&fullscreen=true	Pre-clinical		10.1101/2020.03.22.002386, PMID:29764999	121427831					BRD2/4	E	Degrades BRD proteins	<10000	IC50	0	Not evaluated	
MZ1			Synthesis described in reference	Pre-clinical		10.1101/2020.03.22.002386, PMC4548256						BRD2/4	E	Degrades BRD proteins	120-228	KD	0	Not evaluated	
CPI-0610			https://pubchem.ncbi.nlm.nih.gov/compound/57389999#section=Chemical-Vendors&fullscreen=true	Phase II trial in progress by Constellation Pharmaceuticals (NCT02158858)		10.1101/2020.03.22.002386, PMID:27890933	57389999					BRD2/4	E	BRD2/4 inhibitor	25, 18	IC50	0	Not evaluated	
Sapanisertib			https://pubchem.ncbi.nlm.nih.gov/compound/45375953#section=Chemical-Vendors&fullscreen=true	Phase I clinical Trial by Takeda (NCT02412722)	MLN018	10.1101/2020.03.22.002386, PMID:29464110	45375953	DB11836				LARP1	N	mTOR inhibitor	1	IC50	0	Not evaluated	
Rapamycin	Rapamune	Pfizer	https://pubchem.ncbi.nlm.nih.gov/compound/5284616#section=Chemical-Vendors&fullscreen=true	EMA approved - immunosuppressant reducing risk of kidney transplant rejection	Sirolimus	10.1101/2020.03.22.002386, PMC7073332	5284616	DB00877				LARP1, FKBP15, FKBP7/10	N, Nsp2, Orf8	mTOR inhibitor (with FKBP)	2	IC50	1	Not evaluated	
Zotatifin		No vendor found, contact Effector Therapeutics (info@effector.com)		Phase I - II cancer trial, Effector therapeutics (NCT04092673)	eFT226	10.1101/2020.03.22.002386, https://ashpublications.org/blood/article/130/Supplement%201/1530/79572/Preclinical-Evaluation-of-eFT226-a-Novel-Potent	129138801					EIF4E2/H	Nsp2	EIF4a inhibitor	1.5	IC50	0	Not evaluated	
Verdinexor			https://pubchem.ncbi.nlm.nih.gov/compound/71492799#section=Chemical-Vendors&fullscreen=true	Phase I trials - Karyopharm Pharmaceutics	KPT-335	10.1101/2020.03.22.002386, PMC6192554	71492799	DB12207				NUPs, RAE1	Nsp4, Nsp9, Orf6	XPO1 nuclear export inhibitor	960	IC50	0	Not evaluated	
Chloroquine	Plaquenil	Sanofi	https://pubchem.ncbi.nlm.nih.gov/compound/2719#section=Chemical-Vendors&fullscreen=true	Covid trial, Approved - malaria	Aralen	10.1101/2020.03.22.002386, PMID:32074550	2719	DB00608				SIGMAR1	Nsp6	Sigma 1 binder	100	Ki	1	Not evaluated	"<a href=""https://ClinicalTrials.gov/show/NCT04319900"">NCT04319900</a>, <a href=""http://www.chictr.org.cn/showproj.aspx?proj=49607"">ChiCTR2000029935</a>, <a href=""http://www.chictr.org.cn/showproj.aspx?proj=49263"">ChiCTR2000029741</a>, <a href=""http://www.chictr.org.cn/showproj.aspx?proj=49612"">ChiCTR2000029939</a>, <a href=""http://www.chictr.org.cn/showproj.aspx?proj=48968"">ChiCTR2000029542</a>, <a href=""http://www.chictr.org.cn/showproj.aspx?proj=49145"">ChiCTR2000029609</a>, <a href=""http://www.chictr.org.cn/showproj.aspx?proj=49869"">ChiCTR2000030054</a>, <a href=""http://www.chictr.org.cn/showproj.aspx?proj=49218"">ChiCTR2000029988</a>, <a href=""http://www.chictr.org.cn/showproj.aspx?proj=49592"">ChiCTR2000029975</a>, <a href=""http://www.chictr.org.cn/showproj.aspx?proj=50843"">ChiCTR2000030718</a>, <a href=""http://www.chictr.org.cn/showproj.aspx?proj=49806"">ChiCTR2000030031</a>, <a href=""http://www.chictr.org.cn/showproj.aspx?proj=49495"">ChiCTR2000029837</a>, <a href=""http://www.chictr.org.cn/showproj.aspx?proj=49481"">ChiCTR2000029826</a>, <a href=""http://www.chictr.org.cn/showproj.aspx?proj=50279"">ChiCTR2000030417</a>, <a href=""http://www.chictr.org.cn/showproj.aspx?proj=51329"">ChiCTR2000030987</a>, <a href=""http://www.chictr.org.cn/showproj.aspx?proj=49420"">ChiCTR2000031204</a>, <a href=""https://anzctr.org.au/ACTRN12620000417987.aspx"">ACTRN12620000417987</a>, <a href=""https://trialregister.nl/trial/8490"">NL8490</a>, <a href=""http://isrctn.com/ISRCTN83971151"">ISRCTN83971151</a>, <a href=""https://pactr.samrc.ac.za/TrialDisplay.aspx?TrialID=10928"">PACTR202004801273802</a>, <a href=""http://www.clinicaltrials.in.th/index.php?tp=regtrials&menu=trialsearch&smenu=fulltext&task=search&task2=view1&id=5995"">TCTR20200404004</a>, <a href=""http://www.ctri.nic.in/Clinicaltrials/pmaindet2.php?trialid=42713"">CTRI/2020/04/024479</a>, <a href=""https://www.clinicaltrialsregister.eu/ctr-search/trial/2020-001469-35/PL"">2020-001469-35</a>, <a href=""https://ClinicalTrials.gov/show/NCT04333628"">NCT04333628</a>, <a href=""https://ClinicalTrials.gov/show/NCT04351724"">NCT04351724</a>, <a href=""https://ClinicalTrials.gov/show/NCT04362332"">NCT04362332</a>, <a href=""https://ClinicalTrials.gov/show/NCT04328493"">NCT04328493</a>, <a href=""https://ClinicalTrials.gov/show/NCT04331600"">NCT04331600</a>, <a href=""https://ClinicalTrials.gov/show/NCT04344951"">NCT04344951</a>, <a href=""https://ClinicalTrials.gov/show/NCT04353336"">NCT04353336</a>, <a href=""https://ClinicalTrials.gov/show/NCT04360759"">NCT04360759</a>, <a href=""https://ClinicalTrials.gov/show/NCT04333732"">NCT04333732</a>, <a href=""https://ClinicalTrials.gov/show/NCT04351191"">NCT04351191</a>, <a href=""https://ClinicalTrials.gov/show/NCT04303507"">NCT04303507</a>, <a href=""https://ClinicalTrials.gov/show/NCT04346667"">NCT04346667</a>, <a href=""https://ClinicalTrials.gov/show/NCT04342650"">NCT04342650</a>, <a href=""https://ClinicalTrials.gov/show/NCT04324463"">NCT04324463</a>, <a href=""https://ClinicalTrials.gov/show/NCT04345419"">NCT04345419</a>, <a href=""https://ClinicalTrials.gov/show/NCT04323527"">NCT04323527</a>, <a href=""https://ClinicalTrials.gov/show/NCT04349371"">NCT04349371</a>, <a href=""https://ClinicalTrials.gov/show/NCT04341727"">NCT04341727</a>"
Dabrafenib	Tafinlar	Novartis/GSK	https://pubchem.ncbi.nlm.nih.gov/compound/44462760#section=Chemical-Vendors&fullscreen=true	FDA - Approved melanoma		10.1101/2020.03.22.002386, PMID:29112787	44462760	DB08912				NEK9	Nsp9	NEK9 inhibitor	1	IC50	0	Not evaluated	
WDB002			Natural product or derivative thereof, no commercial supplier found	Pre-clinical		10.1101/2020.03.22.002386, PMID:29980357			Three patents filed related to Warp Drive Biology, with synthesis details: WO2016112295, US20180273544, WO2017059207			CEP250	Nsp13	CEP250 inhibitor (with FKBP)	0.29	KD	0	Not evaluated	
Sanglifehrin A		NeuroVive have patent for formulation and synthesis	Modified natural product, no commercial vendors found.	Preclinical		10.1101/2020.03.22.002386, PMID:28075591	5388925	DB03393	Patent for formulation (https://pubchem.ncbi.nlm.nih.gov/patent/US9504728 )			PPIA, IMPDH2	Nsp14	PPIA-IMPDH2 modulator	0.2, 11.5	KD, EC50	0	Not evaluated	
FK-506	Advagraf	Astellas	https://pubchem.ncbi.nlm.nih.gov/compound/445643#section=Chemical-Vendors&fullscreen=true	EMA approved- immunosuppressant to prevent organ rejection	Tacrolimus, Prograf, Advagraf, Protopic	10.1101/2020.03.22.002386	6473866	DB00864				FKBP7/10	Orf8	FKBP binder			0	Not evaluated	
Pevonedistat	Pevonedistat	Takeda	https://pubchem.ncbi.nlm.nih.gov/compound/16720766#section=Chemical-Vendors&fullscreen=true	EMA approved- Myelodysplastic syndromes	MLN4924	10.1101/2020.03.22.002386, PMID:25733005	16720766	DB11759				CUL2	Orf10	NEDD8-activating enzyme inhibitor	4.7	IC50	0	Not evaluated	
Ternatin 4			The synthesis is described in the original paper.	Preclinical - translation		10.1101/2020.03.22.002386, PMC4786417			This compound does not seem to be available. The synthesis is described in the original paper.			Translation		eEF1A inhibitor	71	IC50	0	Not evaluated	
4E2RCat			https://pubchem.ncbi.nlm.nih.gov/compound/2287236#section=Chemical-Vendors	Preclinical - translation		10.1101/2020.03.22.002386, PMC3126520	2287236					Translation		eIF4E/G PPI inhibitor	13500	IC50	0	Not evaluated	
Tomivosertib			https://pubchem.ncbi.nlm.nih.gov/compound/118598754#section=Chemical-Vendors	Clinical trial - translation		10.1101/2020.03.22.002386, PMID:29526098	118598754	DB15219	The synthesis is described in the original paper.			Translation		MNK1/2 inhibitor	2.4	IC50	0	Not evaluated	
Compound 2			The synthesis is described in the original paper.	Pre-clinical (viral transcription)		10.1101/2020.03.22.002386, 10.1021/acs.jmedchem.8b00802			This compound does not seem to be available. The synthesis is described in the original paper.			Viral Transcription		Cyclophilin inhibitor	24	KD	0	Not evaluated	
Compound 10			The synthesis is described in the original paper.	Pre-clinical (viral transcription)		10.1101/2020.03.22.002386, 10.1021/acs.jmedchem.5b01311						Viral Transcription		PI4K-IIIβ inhibitor	3.4	IC50	0	Not evaluated	
PS3061			The synthesis is described in the original paper.	Pre-clinical - ER protein processing		10.1101/2020.03.22.002386, PMID:30550790						ER protein processing		Sec61 inhibitor	20-500	IC50	0	Not evaluated	
IHVR-19029			http://www.probechem.com/products_IHVR-19029.aspx	Clinical trial - ER protein processing		10.1101/2020.03.22.002386, PMC5304290						ER protein processing		Antiviral activity	1200	IC50	0	Not evaluated	
Captopril	Capoten	generic	https://pubchem.ncbi.nlm.nih.gov/compound/44093#section=Chemical-Vendors	Covid trial, Approved - hypertension		10.1101/2020.03.22.002386	44093	DB01197	ACE inhibitor			Cell Entry		ACE inhibitor	3	Ki	0	Not evaluated	"<a href=""https://ClinicalTrials.gov/show/NCT04355429"">NCT04355429</a>, <a href=""https://ClinicalTrials.gov/show/NCT04345406"">NCT04345406</a>"
Lisinopril	Prinivil, Qbrelis, Zestril	generic	https://pubchem.ncbi.nlm.nih.gov/compound/5362119#section=Chemical-Vendors	Approved - hypertension		10.1101/2020.03.22.002386	5362119	DB00722	ACE inhibitor			Cell Entry		ACE inhibitor	0.27	Ki	0	Not evaluated	
Camostat	Foipan	Ono Pharmaceutical	https://pubchem.ncbi.nlm.nih.gov/compound/2536#section=Chemical-Vendors	Covid trial,  Approved - pancreatitis	Camostat mesylate	10.1101/2020.03.22.002386, https://graphics.reuters.com/HEALTH-CORONAVIRUS/yxmvjqywprz/index.html	2536	DB13729	Potential therapy for COVID-19, with clinical trials in Japan possibly set to begin in March 2020.			Cell Entry		Serine protease 1 inhibitor	<1000	IC50	1	Not evaluated	"<a href=""http://en.irct.ir/trial/46573"">IRCT20200317046797N1</a>, <a href=""https://ClinicalTrials.gov/show/NCT04353284"">NCT04353284</a>, <a href=""https://ClinicalTrials.gov/show/NCT04321096"">NCT04321096</a>, <a href=""https://ClinicalTrials.gov/show/NCT04338906"">NCT04338906</a>, <a href=""https://ClinicalTrials.gov/show/NCT04355052"">NCT04355052</a>"
Nafamostat	Fusan	Torii Pharmaceutica	https://pubchem.ncbi.nlm.nih.gov/compound/4413#section=Chemical-Vendors	Covid trial, Approved - bacterial infection		10.1101/2020.03.22.002386	4413	DB12598	Inhibits TMPRSS2, thus blocking cleavage of the viral S protein			Cell Entry		Serine protease 1 inhibitor	100	IC50	0	Not evaluated	"<a href=""https://ClinicalTrials.gov/show/NCT04352400"">NCT04352400</a>"
Chloramphenicol		generic	https://pubchem.ncbi.nlm.nih.gov/compound/5959#section=Chemical-Vendors	Approved - bacterial infection	Pentamycetin, Chloromycetin	10.1101/2020.03.22.002386	5959	DB00446				Mitochondrial ribosome		Mitochondrial ribosome inhibitor	7400	IC50	0	Not evaluated	
Tigecycline	Tygacil	Wyeth	https://pubchem.ncbi.nlm.nih.gov/compound/54686904#section=Chemical-Vendors	Approved - bacterial infection		10.1101/2020.03.22.002386	54686904	DB00560				Mitochondrial ribosome		Mitochondrial ribosome inhibitor	3300	IC50	0	Not evaluated	
Linezolid	Zyvox	generic	https://pubchem.ncbi.nlm.nih.gov/compound/441401#section=Chemical-Vendors	Approved - bacterial infection	Zyvoxid	10.1101/2020.03.22.002386	441401	DB00601				Mitochondrial ribosome		Mitochondrial ribosome inhibitor	16000	IC50	0	Not evaluated	
ACE2	Human recombinant soluble ACE2	Apeiron Biologics		Clinical Trial - Phase II	RhACE2	https://www.cell.com/pb-assets/products/coronavirus/CELL_CELL-D-20-00739.pdf			Target of the spike S protein								0	Not evaluated	
Imatinib	Gleevec	generic	https://pubchem.ncbi.nlm.nih.gov/compound/5291#section=Chemical-Vendors	Covid trial, Approved - cancer	Glivec	10.1128/JVI.01429-16	5291	DB00619	Abelson kinase inhibitor								1	Not evaluated	"<a href=""https://www.clinicaltrialsregister.eu/ctr-search/trial/2020-001236-10/NL"">2020-001236-10</a>, <a href=""https://www.clinicaltrialsregister.eu/ctr-search/trial/2020-001321-31/ES"">2020-001321-31</a>, <a href=""https://www.clinicaltrialsregister.eu/ctr-search/trial/2020-001435-27/FR"">2020-001435-27</a>, <a href=""https://ClinicalTrials.gov/show/NCT04357613"">NCT04357613</a>"
Ivermectin	Stromectol	generic	https://pubchem.ncbi.nlm.nih.gov/compound/6321424#section=Chemical-Vendors	Covid trial, Approved - parasitic infections		10.1016/j.antiviral.2020.104787	6321424	DB00602	broad-spectrum anti-parasite drug								1	Yes; potential function but dosage problems	"<a href=""https://ClinicalTrials.gov/show/NCT04360356"">NCT04360356</a>, <a href=""https://ClinicalTrials.gov/show/NCT04343092"">NCT04343092</a>, <a href=""https://ClinicalTrials.gov/show/NCT04345419"">NCT04345419</a>, <a href=""https://ClinicalTrials.gov/show/NCT04351347"">NCT04351347</a>"
Remdesivir		Gilead Sciences		Covid trial, Approved - Ebola		https://graphics.reuters.com/HEALTH-CORONAVIRUS/yxmvjqywprz/index.html	121304016	DB14761									1	Not evaluated	"<a href=""http://isrctn.com/ISRCTN83971151"">ISRCTN83971151</a>, <a href=""http://en.irct.ir/trial/46660"">IRCT20171122037571N2</a>, <a href=""https://ClinicalTrials.gov/show/NCT04292899"">NCT04292899</a>, <a href=""https://ClinicalTrials.gov/show/NCT04292730"">NCT04292730</a>, <a href=""https://ClinicalTrials.gov/show/NCT04349410"">NCT04349410</a>, <a href=""https://ClinicalTrials.gov/show/NCT04252664"">NCT04252664</a>, <a href=""https://ClinicalTrials.gov/show/NCT04257656"">NCT04257656</a>, <a href=""https://ClinicalTrials.gov/show/NCT04321616"">NCT04321616</a>, <a href=""https://ClinicalTrials.gov/show/NCT04315948"">NCT04315948</a>, <a href=""https://ClinicalTrials.gov/show/NCT04280705"">NCT04280705</a>"
Hydroxychloroquine	Plaquenil			Covid trial, Approved - Melaria	Oxichloroquine	https://graphics.reuters.com/HEALTH-CORONAVIRUS/yxmvjqywprz/index.html	3652		Derivative of chloroquine								1	Not evaluated	"<a href=""https://ClinicalTrials.gov/show/NCT04329520"">NCT04329520</a>, <a href=""https://www.clinicaltrialsregister.eu/ctr-search/trial/2020-001224-33/DE"">2020-001224-33</a>, <a href=""http://www.chictr.org.cn/showproj.aspx?proj=48880"">ChiCTR2000029559</a>, <a href=""http://www.chictr.org.cn/showproj.aspx?proj=49428"">ChiCTR2000029803</a>, <a href=""http://www.chictr.org.cn/showproj.aspx?proj=49317"">ChiCTR2000029740</a>, <a href=""http://www.chictr.org.cn/showproj.aspx?proj=49869"">ChiCTR2000030054</a>, <a href=""http://www.chictr.org.cn/showproj.aspx?proj=49400"">ChiCTR2000029761</a>, <a href=""http://www.chictr.org.cn/showproj.aspx?proj=49404"">ChiCTR2000029762</a>, <a href=""http://www.chictr.org.cn/showproj.aspx?proj=49536"">ChiCTR2000029899</a>, <a href=""http://www.chictr.org.cn/showproj.aspx?proj=49369"">ChiCTR2000029760</a>, <a href=""http://www.chictr.org.cn/showproj.aspx?proj=49482"">ChiCTR2000029898</a>, <a href=""http://www.chictr.org.cn/showproj.aspx?proj=49524"">ChiCTR2000029868</a>, <a href=""https://anzctr.org.au/ACTRN12620000457943.aspx"">ACTRN12620000457943</a>, <a href=""https://anzctr.org.au/ACTRN12620000445976.aspx"">ACTRN12620000445976</a>, <a href=""https://trialregister.nl/trial/8490"">NL8490</a>, <a href=""https://jrct.niph.go.jp/latest-detail/jRCTs031190227"">JPRN-jRCTs031190227</a>, <a href=""http://isrctn.com/ISRCTN83971151"">ISRCTN83971151</a>, <a href=""http://en.irct.ir/trial/46536"">IRCT20100228003449N30</a>, <a href=""http://en.irct.ir/trial/46681"">IRCT20151227025726N13</a>, <a href=""http://en.irct.ir/trial/46741"">IRCT20190804044429N1</a>, <a href=""http://en.irct.ir/trial/46849"">IRCT20130917014693N10</a>, <a href=""http://en.irct.ir/trial/46932"">IRCT20130306012728N8</a>, <a href=""http://en.irct.ir/trial/46946"">IRCT20200405046958N1</a>, <a href=""http://en.irct.ir/trial/47090"">IRCT20190122042450N4</a>, <a href=""http://www.ensaiosclinicos.gov.br/rg/RBR-3cbs3w/"">RBR-3cbs3w</a>, <a href=""https://pactr.samrc.ac.za/TrialDisplay.aspx?TrialID=10928"">PACTR202004801273802</a>, <a href=""http://isrctn.com/ISRCTN14326006"">ISRCTN14326006</a>, <a href=""http://www.ctri.nic.in/Clinicaltrials/pmaindet2.php?trialid=42638"">CTRI/2020/03/024402</a>, <a href=""http://en.irct.ir/trial/46603"">IRCT20120826010664N6</a>, <a href=""https://ClinicalTrials.gov/show/NCT04343677"">NCT04343677</a>, <a href=""https://www.clinicaltrialsregister.eu/ctr-search/trial/2020-001421-31/ES"">2020-001421-31</a>, <a href=""https://www.clinicaltrialsregister.eu/ctr-search/trial/2020-001209-22/GB"">2020-001209-22</a>, <a href=""https://www.clinicaltrialsregister.eu/ctr-search/trial/2020-001440-26/ES"">2020-001440-26</a>, <a href=""https://www.clinicaltrialsregister.eu/ctr-search/trial/2020-001448-24/GB"">2020-001448-24</a>, <a href=""https://www.clinicaltrialsregister.eu/ctr-search/trial/2020-001587-29/ES"">2020-001587-29</a>, <a href=""https://www.clinicaltrialsregister.eu/ctr-search/trial/2020-001765-37/ES"">2020-001765-37</a>, <a href=""https://www.clinicaltrialsregister.eu/ctr-search/trial/2020-001536-98/ES"">2020-001536-98</a>, <a href=""https://www.clinicaltrialsregister.eu/ctr-search/trial/2020-001367-88/DK"">2020-001367-88</a>, <a href=""https://www.clinicaltrialsregister.eu/ctr-search/trial/2020-001250-21/FR"">2020-001250-21</a>, <a href=""https://www.clinicaltrialsregister.eu/ctr-search/trial/2020-001606-33/ES"">2020-001606-33</a>, <a href=""https://www.clinicaltrialsregister.eu/ctr-search/trial/2020-001270-29/GB"">2020-001270-29</a>, <a href=""https://www.clinicaltrialsregister.eu/ctr-search/trial/2020-001363-85/DK"">2020-001363-85</a>, <a href=""https://www.clinicaltrialsregister.eu/ctr-search/trial/2020-001281-11/FR"">2020-001281-11</a>, <a href=""https://www.clinicaltrialsregister.eu/ctr-search/trial/2020-000890-25/FR"">2020-000890-25</a>, <a href=""https://www.clinicaltrialsregister.eu/ctr-search/trial/2020-001321-31/ES"">2020-001321-31</a>, <a href=""https://www.clinicaltrialsregister.eu/ctr-search/trial/2020-001246-18/FR"">2020-001246-18</a>, <a href=""https://www.clinicaltrialsregister.eu/ctr-search/trial/2020-001156-18/ES"">2020-001156-18</a>, <a href=""https://www.clinicaltrialsregister.eu/ctr-search/trial/2020-001257-51/DK"">2020-001257-51</a>, <a href=""https://www.clinicaltrialsregister.eu/ctr-search/trial/2020-001435-27/FR"">2020-001435-27</a>, <a href=""https://www.clinicaltrialsregister.eu/ctr-search/trial/2020-001303-16/FR"">2020-001303-16</a>, <a href=""https://ClinicalTrials.gov/show/NCT04359095"">NCT04359095</a>, <a href=""https://ClinicalTrials.gov/show/NCT04328272"">NCT04328272</a>, <a href=""https://ClinicalTrials.gov/show/NCT04347915"">NCT04347915</a>, <a href=""https://ClinicalTrials.gov/show/NCT04329611"">NCT04329611</a>, <a href=""https://ClinicalTrials.gov/show/NCT04352933"">NCT04352933</a>, <a href=""https://ClinicalTrials.gov/show/NCT04361318"">NCT04361318</a>, <a href=""https://ClinicalTrials.gov/show/NCT04347889"">NCT04347889</a>, <a href=""https://ClinicalTrials.gov/show/NCT04321993"">NCT04321993</a>, <a href=""https://ClinicalTrials.gov/show/NCT04329832"">NCT04329832</a>, <a href=""https://ClinicalTrials.gov/show/NCT04354597"">NCT04354597</a>, <a href=""https://ClinicalTrials.gov/show/NCT04343768"">NCT04343768</a>, <a href=""https://ClinicalTrials.gov/show/NCT04330586"">NCT04330586</a>, <a href=""https://ClinicalTrials.gov/show/NCT04328285"">NCT04328285</a>, <a href=""https://ClinicalTrials.gov/show/NCT04340544"">NCT04340544</a>, <a href=""https://ClinicalTrials.gov/show/NCT04334512"">NCT04334512</a>, <a href=""https://ClinicalTrials.gov/show/NCT04329923"">NCT04329923</a>, <a href=""https://ClinicalTrials.gov/show/NCT04304053"">NCT04304053</a>, <a href=""https://ClinicalTrials.gov/show/NCT04351620"">NCT04351620</a>, <a href=""https://ClinicalTrials.gov/show/NCT04334382"">NCT04334382</a>, <a href=""https://ClinicalTrials.gov/show/NCT04359537"">NCT04359537</a>, <a href=""https://ClinicalTrials.gov/show/NCT04333225"">NCT04333225</a>, <a href=""https://ClinicalTrials.gov/show/NCT04351724"">NCT04351724</a>, <a href=""https://ClinicalTrials.gov/show/NCT04344444"">NCT04344444</a>, <a href=""https://ClinicalTrials.gov/show/NCT04307693"">NCT04307693</a>, <a href=""https://ClinicalTrials.gov/show/NCT04345692"">NCT04345692</a>, <a href=""https://ClinicalTrials.gov/show/NCT04362332"">NCT04362332</a>, <a href=""https://ClinicalTrials.gov/show/NCT04323631"">NCT04323631</a>, <a href=""https://ClinicalTrials.gov/show/NCT04331834"">NCT04331834</a>, <a href=""https://ClinicalTrials.gov/show/NCT04348474"">NCT04348474</a>, <a href=""https://ClinicalTrials.gov/show/NCT04329572"">NCT04329572</a>, <a href=""https://ClinicalTrials.gov/show/NCT04349410"">NCT04349410</a>, <a href=""https://ClinicalTrials.gov/show/NCT04354870"">NCT04354870</a>, <a href=""https://ClinicalTrials.gov/show/NCT04315896"">NCT04315896</a>, <a href=""https://ClinicalTrials.gov/show/NCT04342221"">NCT04342221</a>, <a href=""https://ClinicalTrials.gov/show/NCT04341207"">NCT04341207</a>, <a href=""https://ClinicalTrials.gov/show/NCT04353271"">NCT04353271</a>, <a href=""https://ClinicalTrials.gov/show/NCT04344457"">NCT04344457</a>, <a href=""https://ClinicalTrials.gov/show/NCT04351919"">NCT04351919</a>, <a href=""https://ClinicalTrials.gov/show/NCT04358068"">NCT04358068</a>, <a href=""https://ClinicalTrials.gov/show/NCT04336332"">NCT04336332</a>, <a href=""https://ClinicalTrials.gov/show/NCT04303299"">NCT04303299</a>, <a href=""https://ClinicalTrials.gov/show/NCT04345653"">NCT04345653</a>, <a href=""https://ClinicalTrials.gov/show/NCT04339816"">NCT04339816</a>, <a href=""https://ClinicalTrials.gov/show/NCT04347512"">NCT04347512</a>, <a href=""https://ClinicalTrials.gov/show/NCT04360759"">NCT04360759</a>, <a href=""https://ClinicalTrials.gov/show/NCT04318444"">NCT04318444</a>, <a href=""https://ClinicalTrials.gov/show/NCT04318015"">NCT04318015</a>, <a href=""https://ClinicalTrials.gov/show/NCT04330144"">NCT04330144</a>, <a href=""https://ClinicalTrials.gov/show/NCT04333732"">NCT04333732</a>, <a href=""https://ClinicalTrials.gov/show/NCT04335552"">NCT04335552</a>, <a href=""https://ClinicalTrials.gov/show/NCT04354428"">NCT04354428</a>, <a href=""https://ClinicalTrials.gov/show/NCT04338698"">NCT04338698</a>, <a href=""https://ClinicalTrials.gov/show/NCT04261517"">NCT04261517</a>, <a href=""https://ClinicalTrials.gov/show/NCT04328012"">NCT04328012</a>, <a href=""https://ClinicalTrials.gov/show/NCT04351191"">NCT04351191</a>, <a href=""https://ClinicalTrials.gov/show/NCT04341441"">NCT04341441</a>, <a href=""https://ClinicalTrials.gov/show/NCT04344379"">NCT04344379</a>, <a href=""https://ClinicalTrials.gov/show/NCT04330495"">NCT04330495</a>, <a href=""https://ClinicalTrials.gov/show/NCT04303507"">NCT04303507</a>, <a href=""https://ClinicalTrials.gov/show/NCT04350450"">NCT04350450</a>, <a href=""https://ClinicalTrials.gov/show/NCT04354441"">NCT04354441</a>, <a href=""https://ClinicalTrials.gov/show/NCT04328961"">NCT04328961</a>, <a href=""https://ClinicalTrials.gov/show/NCT04346667"">NCT04346667</a>, <a href=""https://ClinicalTrials.gov/show/NCT04321616"">NCT04321616</a>, <a href=""https://ClinicalTrials.gov/show/NCT04349228"">NCT04349228</a>, <a href=""https://ClinicalTrials.gov/show/NCT04352946"">NCT04352946</a>, <a href=""https://ClinicalTrials.gov/show/NCT04334967"">NCT04334967</a>, <a href=""https://ClinicalTrials.gov/show/NCT04351516"">NCT04351516</a>, <a href=""https://ClinicalTrials.gov/show/NCT04332991"">NCT04332991</a>, <a href=""https://ClinicalTrials.gov/show/NCT04334148"">NCT04334148</a>, <a href=""https://ClinicalTrials.gov/show/NCT04361461"">NCT04361461</a>, <a href=""https://ClinicalTrials.gov/show/NCT04315948"">NCT04315948</a>, <a href=""https://ClinicalTrials.gov/show/NCT04335084"">NCT04335084</a>, <a href=""https://ClinicalTrials.gov/show/NCT04336748"">NCT04336748</a>, <a href=""https://ClinicalTrials.gov/show/NCT04342169"">NCT04342169</a>, <a href=""https://ClinicalTrials.gov/show/NCT04358081"">NCT04358081</a>, <a href=""https://ClinicalTrials.gov/show/NCT04340349"">NCT04340349</a>, <a href=""https://ClinicalTrials.gov/show/NCT04342156"">NCT04342156</a>, <a href=""https://ClinicalTrials.gov/show/NCT04321278"">NCT04321278</a>, <a href=""https://ClinicalTrials.gov/show/NCT02735707"">NCT02735707</a>, <a href=""https://ClinicalTrials.gov/show/NCT04324463"">NCT04324463</a>, <a href=""https://ClinicalTrials.gov/show/NCT04333654"">NCT04333654</a>, <a href=""https://ClinicalTrials.gov/show/NCT04325893"">NCT04325893</a>, <a href=""https://ClinicalTrials.gov/show/NCT04322123"">NCT04322123</a>, <a href=""https://ClinicalTrials.gov/show/NCT04322396"">NCT04322396</a>, <a href=""https://ClinicalTrials.gov/show/NCT04347031"">NCT04347031</a>, <a href=""https://ClinicalTrials.gov/show/NCT04345289"">NCT04345289</a>, <a href=""https://ClinicalTrials.gov/show/NCT04353037"">NCT04353037</a>, <a href=""https://ClinicalTrials.gov/show/NCT04346329"">NCT04346329</a>, <a href=""https://ClinicalTrials.gov/show/NCT04341727"">NCT04341727</a>, <a href=""https://ClinicalTrials.gov/show/NCT04328467"">NCT04328467</a>, <a href=""https://ClinicalTrials.gov/show/NCT04316377"">NCT04316377</a>, <a href=""https://ClinicalTrials.gov/show/NCT04308668"">NCT04308668</a>, <a href=""https://www.clinicaltrialsregister.eu/ctr-search/trial/2020-001417-21/BE"">2020-001417-21</a>, <a href=""https://ClinicalTrials.gov/show/NCT04364022"">NCT04364022</a>, <a href=""https://ClinicalTrials.gov/show/NCT04363866"">NCT04363866</a>, <a href=""https://ClinicalTrials.gov/show/NCT04363203"">NCT04363203</a>, <a href=""https://ClinicalTrials.gov/show/NCT04363827"">NCT04363827</a>, <a href=""https://ClinicalTrials.gov/show/NCT04363450"">NCT04363450</a>"
Ruxolitinib	Jakavi	Novartis, Incyte		Covid trial, Approved - Myeloproliferative Disorders, tyrosinaemia		https://graphics.reuters.com/HEALTH-CORONAVIRUS/yxmvjqywprz/index.html	25126798										1	Not evaluated	"<a href=""http://www.chictr.org.cn/showproj.aspx?proj=49088"">ChiCTR2000029580</a>, <a href=""http://www.chictr.org.cn/showproj.aspx?proj=49088"">ChiCTR2000029580</a>, <a href=""https://www.clinicaltrialsregister.eu/ctr-search/trial/2020-001459-42/DK"">2020-001459-42</a>, <a href=""https://www.clinicaltrialsregister.eu/ctr-search/trial/2020-001459-42/DK"">2020-001459-42</a>, <a href=""https://www.clinicaltrialsregister.eu/ctr-search/trial/2020-001405-23/ES"">2020-001405-23</a>, <a href=""https://www.clinicaltrialsregister.eu/ctr-search/trial/2020-001405-23/ES"">2020-001405-23</a>, <a href=""https://ClinicalTrials.gov/show/NCT04348071"">NCT04348071</a>, <a href=""https://ClinicalTrials.gov/show/NCT04348071"">NCT04348071</a>, <a href=""https://ClinicalTrials.gov/show/NCT04362137"">NCT04362137</a>, <a href=""https://ClinicalTrials.gov/show/NCT04362137"">NCT04362137</a>, <a href=""https://ClinicalTrials.gov/show/NCT04354714"">NCT04354714</a>, <a href=""https://ClinicalTrials.gov/show/NCT04354714"">NCT04354714</a>, <a href=""https://ClinicalTrials.gov/show/NCT04338958"">NCT04338958</a>, <a href=""https://ClinicalTrials.gov/show/NCT04338958"">NCT04338958</a>, <a href=""https://ClinicalTrials.gov/show/NCT04334044"">NCT04334044</a>, <a href=""https://ClinicalTrials.gov/show/NCT04334044"">NCT04334044</a>, <a href=""https://ClinicalTrials.gov/show/NCT04331665"">NCT04331665</a>, <a href=""https://ClinicalTrials.gov/show/NCT04331665"">NCT04331665</a>, <a href=""https://ClinicalTrials.gov/show/NCT04359290"">NCT04359290</a>, <a href=""https://ClinicalTrials.gov/show/NCT04359290"">NCT04359290</a>"
Lopinavir/ritonavir	Kaletra	AbbVie		Covid trial, Approved - HIV	Lopinavir Ritonavir mixture	https://graphics.reuters.com/HEALTH-CORONAVIRUS/yxmvjqywprz/index.html	11979606										0	Not evaluated	"<a href=""https://ClinicalTrials.gov/show/NCT04252885"">NCT04252885</a>, <a href=""http://www.chictr.org.cn/showproj.aspx?proj=48991"">ChiCTR2000029539</a>, <a href=""http://www.chictr.org.cn/showproj.aspx?proj=49042"">ChiCTR2000029600</a>, <a href=""http://www.chictr.org.cn/showproj.aspx?proj=48992"">ChiCTR2000029541</a>, <a href=""http://www.chictr.org.cn/showproj.aspx?proj=48919"">ChiCTR2000029468</a>, <a href=""http://www.chictr.org.cn/showproj.aspx?proj=49145"">ChiCTR2000029609</a>, <a href=""http://www.chictr.org.cn/showproj.aspx?proj=48782"">ChiCTR2000029387</a>, <a href=""http://www.chictr.org.cn/showproj.aspx?proj=49369"">ChiCTR2000029760</a>, <a href=""http://www.chictr.org.cn/showproj.aspx?proj=48684"">ChiCTR2000029308</a>, <a href=""http://www.chictr.org.cn/showproj.aspx?proj=50057"">ChiCTR2000030187</a>, <a href=""http://www.chictr.org.cn/showproj.aspx?proj=51112"">ChiCTR2000031196</a>, <a href=""https://anzctr.org.au/ACTRN12620000445976.aspx"">ACTRN12620000445976</a>, <a href=""https://jrct.niph.go.jp/latest-detail/jRCTs031190227"">JPRN-jRCTs031190227</a>, <a href=""http://isrctn.com/ISRCTN83971151"">ISRCTN83971151</a>, <a href=""http://en.irct.ir/trial/46536"">IRCT20100228003449N30</a>, <a href=""http://en.irct.ir/trial/46681"">IRCT20151227025726N13</a>, <a href=""http://en.irct.ir/trial/46741"">IRCT20190804044429N1</a>, <a href=""https://www.clinicaltrialsregister.eu/ctr-search/trial/2020-001448-24/GB"">2020-001448-24</a>, <a href=""https://www.clinicaltrialsregister.eu/ctr-search/trial/2020-001113-21/GB"">2020-001113-21</a>, <a href=""https://www.clinicaltrialsregister.eu/ctr-search/trial/2020-001321-31/ES"">2020-001321-31</a>, <a href=""https://www.clinicaltrialsregister.eu/ctr-search/trial/2020-001156-18/ES"">2020-001156-18</a>, <a href=""https://ClinicalTrials.gov/show/NCT04359095"">NCT04359095</a>, <a href=""https://ClinicalTrials.gov/show/NCT04321993"">NCT04321993</a>, <a href=""https://ClinicalTrials.gov/show/NCT04343768"">NCT04343768</a>, <a href=""https://ClinicalTrials.gov/show/NCT04328285"">NCT04328285</a>, <a href=""https://ClinicalTrials.gov/show/NCT04351724"">NCT04351724</a>, <a href=""https://ClinicalTrials.gov/show/NCT04307693"">NCT04307693</a>, <a href=""https://ClinicalTrials.gov/show/NCT04303299"">NCT04303299</a>, <a href=""https://ClinicalTrials.gov/show/NCT04328012"">NCT04328012</a>, <a href=""https://ClinicalTrials.gov/show/NCT04255017"">NCT04255017</a>, <a href=""https://ClinicalTrials.gov/show/NCT04315948"">NCT04315948</a>, <a href=""https://ClinicalTrials.gov/show/NCT02735707"">NCT02735707</a>, <a href=""https://ClinicalTrials.gov/show/NCT04321174"">NCT04321174</a>, <a href=""https://ClinicalTrials.gov/show/NCT04364022"">NCT04364022</a>"
Acalabrutinib				Covid trial		http://www.redo-project.org/covid19db/	71226662										0		"<a href=""https://ClinicalTrials.gov/show/NCT04346199"">NCT04346199</a>"
Almitrine				Covid trial		http://www.redo-project.org/covid19db/	33887										0		"<a href=""https://ClinicalTrials.gov/show/NCT04357457"">NCT04357457</a>"
Amiodarone				Covid trial		http://www.redo-project.org/covid19db/	2157										0		"<a href=""https://ClinicalTrials.gov/show/NCT04351763"">NCT04351763</a>"
Anakinra				Covid trial		http://www.redo-project.org/covid19db/	139595263										1		"<a href=""https://ClinicalTrials.gov/show/NCT04330638"">NCT04330638</a>, <a href=""https://ClinicalTrials.gov/show/NCT04362111"">NCT04362111</a>, <a href=""https://ClinicalTrials.gov/show/NCT04324021"">NCT04324021</a>, <a href=""https://ClinicalTrials.gov/show/NCT04339712"">NCT04339712</a>, <a href=""https://ClinicalTrials.gov/show/NCT04357366"">NCT04357366</a>, <a href=""https://ClinicalTrials.gov/show/NCT02735707"">NCT02735707</a>, <a href=""https://ClinicalTrials.gov/show/NCT04364009"">NCT04364009</a>"
Angiotensin 1-7				Covid trial		http://www.redo-project.org/covid19db/	123805										1		"<a href=""https://ClinicalTrials.gov/show/NCT04332666"">NCT04332666</a>"
Ascorbic acid				Covid trial		http://www.redo-project.org/covid19db/	54670067										1		"<a href=""http://www.chictr.org.cn/showproj.aspx?proj=50002"">ChiCTR2000030135</a>, <a href=""http://en.irct.ir/trial/46751"">IRCT20200324046850N5</a>, <a href=""http://en.irct.ir/trial/46804"">IRCT20190917044805N2</a>, <a href=""http://en.irct.ir/trial/46838"">IRCT20200319046819N1</a>, <a href=""http://en.irct.ir/trial/47078"">IRCT20200411047025N1</a>, <a href=""http://www.clinicaltrials.in.th/index.php?tp=regtrials&menu=trialsearch&smenu=fulltext&task=search&task2=view1&id=5995"">TCTR20200404004</a>, <a href=""https://ClinicalTrials.gov/show/NCT04347889"">NCT04347889</a>, <a href=""https://ClinicalTrials.gov/show/NCT04334512"">NCT04334512</a>, <a href=""https://ClinicalTrials.gov/show/NCT04323514"">NCT04323514</a>, <a href=""https://ClinicalTrials.gov/show/NCT04354428"">NCT04354428</a>, <a href=""https://ClinicalTrials.gov/show/NCT04357782"">NCT04357782</a>, <a href=""https://ClinicalTrials.gov/show/NCT04344184"">NCT04344184</a>, <a href=""https://ClinicalTrials.gov/show/NCT04335084"">NCT04335084</a>, <a href=""https://ClinicalTrials.gov/show/NCT04264533"">NCT04264533</a>, <a href=""https://ClinicalTrials.gov/show/NCT04342728"">NCT04342728</a>, <a href=""https://ClinicalTrials.gov/show/NCT04363216"">NCT04363216</a>"
Aspirin				Covid trial		http://www.redo-project.org/covid19db/	2244										1		"<a href=""https://ClinicalTrials.gov/show/NCT04333407"">NCT04333407</a>, <a href=""https://ClinicalTrials.gov/show/NCT04343001"">NCT04343001</a>, <a href=""https://ClinicalTrials.gov/show/NCT04363840"">NCT04363840</a>"
Atorvastatin				Covid trial		http://www.redo-project.org/covid19db/	60823										1		"<a href=""http://en.irct.ir/trial/46639"">IRCT20190727044343N2</a>, <a href=""https://ClinicalTrials.gov/show/NCT04333407"">NCT04333407</a>"
Atovaquone				Covid trial		http://www.redo-project.org/covid19db/	74989										1		"<a href=""https://ClinicalTrials.gov/show/NCT04339426"">NCT04339426</a>"
Aviptadil				Covid trial		http://www.redo-project.org/covid19db/	16132300										1		"<a href=""https://ClinicalTrials.gov/show/NCT04360096"">NCT04360096</a>, <a href=""https://ClinicalTrials.gov/show/NCT04311697"">NCT04311697</a>"
Azithromycin				Covid trial		http://www.redo-project.org/covid19db/	447043										1		"<a href=""http://en.irct.ir/trial/47244"">IRCT20200415047092N1</a>, <a href=""https://www.clinicaltrialsregister.eu/ctr-search/trial/2020-001527-14/NL"">2020-001527-14</a>, <a href=""https://www.clinicaltrialsregister.eu/ctr-search/trial/2020-001327-13/AT"">2020-001327-13</a>, <a href=""https://www.clinicaltrialsregister.eu/ctr-search/trial/2020-001250-21/FR"">2020-001250-21</a>, <a href=""https://www.clinicaltrialsregister.eu/ctr-search/trial/2020-001606-33/ES"">2020-001606-33</a>, <a href=""https://www.clinicaltrialsregister.eu/ctr-search/trial/2020-001113-21/GB"">2020-001113-21</a>, <a href=""https://www.clinicaltrialsregister.eu/ctr-search/trial/2020-001614-38/BE"">2020-001614-38</a>, <a href=""https://www.clinicaltrialsregister.eu/ctr-search/trial/2020-001156-18/ES"">2020-001156-18</a>, <a href=""https://www.clinicaltrialsregister.eu/ctr-search/trial/2020-001406-27/FR"">2020-001406-27</a>, <a href=""https://www.clinicaltrialsregister.eu/ctr-search/trial/2020-001303-16/FR"">2020-001303-16</a>, <a href=""https://ClinicalTrials.gov/show/NCT04359095"">NCT04359095</a>, <a href=""https://ClinicalTrials.gov/show/NCT04328272"">NCT04328272</a>, <a href=""https://ClinicalTrials.gov/show/NCT04354597"">NCT04354597</a>, <a href=""https://ClinicalTrials.gov/show/NCT04359316"">NCT04359316</a>, <a href=""https://ClinicalTrials.gov/show/NCT04334512"">NCT04334512</a>, <a href=""https://ClinicalTrials.gov/show/NCT04339426"">NCT04339426</a>, <a href=""https://ClinicalTrials.gov/show/NCT04344444"">NCT04344444</a>, <a href=""https://ClinicalTrials.gov/show/NCT04348474"">NCT04348474</a>, <a href=""https://ClinicalTrials.gov/show/NCT04329572"">NCT04329572</a>, <a href=""https://ClinicalTrials.gov/show/NCT04349410"">NCT04349410</a>, <a href=""https://ClinicalTrials.gov/show/NCT04332107"">NCT04332107</a>, <a href=""https://ClinicalTrials.gov/show/NCT04341207"">NCT04341207</a>, <a href=""https://ClinicalTrials.gov/show/NCT04344457"">NCT04344457</a>, <a href=""https://ClinicalTrials.gov/show/NCT04351919"">NCT04351919</a>, <a href=""https://ClinicalTrials.gov/show/NCT04358068"">NCT04358068</a>, <a href=""https://ClinicalTrials.gov/show/NCT04336332"">NCT04336332</a>, <a href=""https://ClinicalTrials.gov/show/NCT04339816"">NCT04339816</a>, <a href=""https://ClinicalTrials.gov/show/NCT04347512"">NCT04347512</a>, <a href=""https://ClinicalTrials.gov/show/NCT04335552"">NCT04335552</a>, <a href=""https://ClinicalTrials.gov/show/NCT04354428"">NCT04354428</a>, <a href=""https://ClinicalTrials.gov/show/NCT04338698"">NCT04338698</a>, <a href=""https://ClinicalTrials.gov/show/NCT04344379"">NCT04344379</a>, <a href=""https://ClinicalTrials.gov/show/NCT04349592"">NCT04349592</a>, <a href=""https://ClinicalTrials.gov/show/NCT04358081"">NCT04358081</a>, <a href=""https://ClinicalTrials.gov/show/NCT04321278"">NCT04321278</a>, <a href=""https://ClinicalTrials.gov/show/NCT04324463"">NCT04324463</a>, <a href=""https://ClinicalTrials.gov/show/NCT04322123"">NCT04322123</a>, <a href=""https://ClinicalTrials.gov/show/NCT04322396"">NCT04322396</a>, <a href=""https://ClinicalTrials.gov/show/NCT04347031"">NCT04347031</a>, <a href=""https://ClinicalTrials.gov/show/NCT04355052"">NCT04355052</a>, <a href=""https://ClinicalTrials.gov/show/NCT04341727"">NCT04341727</a>, <a href=""https://ClinicalTrials.gov/show/NCT04363060"">NCT04363060</a>, <a href=""https://ClinicalTrials.gov/show/NCT04363203"">NCT04363203</a>"
Baloxavir Marboxil				Covid trial		http://www.redo-project.org/covid19db/	124081896										0		"<a href=""http://www.chictr.org.cn/showproj.aspx?proj=49013"">ChiCTR2000029544</a>"
Baricitinib				Covid trial		http://www.redo-project.org/covid19db/	44205240										1		"<a href=""https://www.clinicaltrialsregister.eu/ctr-search/trial/2020-001367-88/DK"">2020-001367-88</a>, <a href=""https://www.clinicaltrialsregister.eu/ctr-search/trial/2020-001321-31/ES"">2020-001321-31</a>, <a href=""https://www.clinicaltrialsregister.eu/ctr-search/trial/2020-001246-18/FR"">2020-001246-18</a>, <a href=""https://ClinicalTrials.gov/show/NCT04321993"">NCT04321993</a>, <a href=""https://ClinicalTrials.gov/show/NCT04340232"">NCT04340232</a>, <a href=""https://ClinicalTrials.gov/show/NCT04320277"">NCT04320277</a>, <a href=""https://ClinicalTrials.gov/show/NCT04345289"">NCT04345289</a>"
Bismuth potassium citrate				Covid trial		http://www.redo-project.org/covid19db/	10101269										0		"<a href=""http://www.chictr.org.cn/showproj.aspx?proj=50173"">ChiCTR2000030398</a>"
Bromhexine				Covid trial		http://www.redo-project.org/covid19db/	2442										1		"<a href=""http://en.irct.ir/trial/46969"">IRCT20200317046797N4</a>, <a href=""https://ClinicalTrials.gov/show/NCT04355026"">NCT04355026</a>, <a href=""https://ClinicalTrials.gov/show/NCT04273763"">NCT04273763</a>, <a href=""https://ClinicalTrials.gov/show/NCT04340349"">NCT04340349</a>"
Budesonide				Covid trial		http://www.redo-project.org/covid19db/	5281004										1		"<a href=""https://www.clinicaltrialsregister.eu/ctr-search/trial/2020-001306-35/FR"">2020-001306-35</a>, <a href=""https://ClinicalTrials.gov/show/NCT04361474"">NCT04361474</a>, <a href=""https://ClinicalTrials.gov/show/NCT04355637"">NCT04355637</a>"
CM4620				Covid trial		http://www.redo-project.org/covid19db/	122507647										0		"<a href=""https://ClinicalTrials.gov/show/NCT04345614"">NCT04345614</a>"
Candesartan				Covid trial		http://www.redo-project.org/covid19db/	2541										0		"<a href=""https://ClinicalTrials.gov/show/NCT04351724"">NCT04351724</a>"
Ceftriaxone				Covid trial		http://www.redo-project.org/covid19db/	5479530										0		"<a href=""https://ClinicalTrials.gov/show/NCT02735707"">NCT02735707</a>"
Celecoxib				Covid trial		http://www.redo-project.org/covid19db/	2662										0		"<a href=""http://www.chictr.org.cn/showproj.aspx?proj=50474"">ChiCTR2000031630</a>"
Chloropromazine				Covid trial		http://www.redo-project.org/covid19db/	2726										0		"<a href=""https://ClinicalTrials.gov/show/NCT04354805"">NCT04354805</a>"
Ciclesonide				Covid trial		http://www.redo-project.org/covid19db/	6918155										1		"<a href=""https://jrct.niph.go.jp/latest-detail/jRCTs031190269"">JPRN-jRCTs031190269</a>, <a href=""https://ClinicalTrials.gov/show/NCT04330586"">NCT04330586</a>"
Clevudine				Covid trial		http://www.redo-project.org/covid19db/	73115										0		"<a href=""https://ClinicalTrials.gov/show/NCT04347915"">NCT04347915</a>"
Clopidogrel				Covid trial		http://www.redo-project.org/covid19db/	60606										1		"<a href=""https://ClinicalTrials.gov/show/NCT04333407"">NCT04333407</a>"
Cobicistat				Covid trial		http://www.redo-project.org/covid19db/	25151504										1		"<a href=""http://www.chictr.org.cn/showproj.aspx?proj=48992"">ChiCTR2000029541</a>, <a href=""https://ClinicalTrials.gov/show/NCT04252274"">NCT04252274</a>"
Colchicine				Covid trial		http://www.redo-project.org/covid19db/	6167										1		"<a href=""https://www.clinicaltrialsregister.eu/ctr-search/trial/2020-001511-25/ES"">2020-001511-25</a>, <a href=""https://ClinicalTrials.gov/show/NCT04355143"">NCT04355143</a>, <a href=""https://ClinicalTrials.gov/show/NCT04360980"">NCT04360980</a>, <a href=""https://ClinicalTrials.gov/show/NCT04350320"">NCT04350320</a>, <a href=""https://ClinicalTrials.gov/show/NCT04326790"">NCT04326790</a>, <a href=""https://ClinicalTrials.gov/show/NCT04328480"">NCT04328480</a>, <a href=""https://ClinicalTrials.gov/show/NCT04322565"">NCT04322565</a>, <a href=""https://ClinicalTrials.gov/show/NCT04322682"">NCT04322682</a>, <a href=""https://ClinicalTrials.gov/show/NCT04363437"">NCT04363437</a>"
Dalargin				Covid trial		http://www.redo-project.org/covid19db/	6917894										0		"<a href=""https://ClinicalTrials.gov/show/NCT04346693"">NCT04346693</a>"
Dapagliflozin				Covid trial		http://www.redo-project.org/covid19db/	9887712										0		"<a href=""https://ClinicalTrials.gov/show/NCT04350593"">NCT04350593</a>"
Darunavir				Covid trial		http://www.redo-project.org/covid19db/	213039										1		"<a href=""http://www.chictr.org.cn/showproj.aspx?proj=48992"">ChiCTR2000029541</a>, <a href=""https://www.clinicaltrialsregister.eu/ctr-search/trial/2020-001031-27/ES"">2020-001031-27</a>, <a href=""https://ClinicalTrials.gov/show/NCT04303299"">NCT04303299</a>, <a href=""https://ClinicalTrials.gov/show/NCT04252274"">NCT04252274</a>"
Deferoxamine				Covid trial		http://www.redo-project.org/covid19db/	2973										1		"<a href=""https://ClinicalTrials.gov/show/NCT04333550"">NCT04333550</a>, <a href=""https://ClinicalTrials.gov/show/NCT04361032"">NCT04361032</a>"
Defibrotide				Covid trial		http://www.redo-project.org/covid19db/	135565962										1		"<a href=""https://www.clinicaltrialsregister.eu/ctr-search/trial/2020-001409-21/ES"">2020-001409-21</a>, <a href=""https://ClinicalTrials.gov/show/NCT04335201"">NCT04335201</a>"
Dexamethasone				Covid trial		http://www.redo-project.org/covid19db/	5743										1		"<a href=""http://en.irct.ir/trial/46810"">IRCT20120225009124N4</a>, <a href=""https://www.clinicaltrialsregister.eu/ctr-search/trial/2020-001333-13/FR"">2020-001333-13</a>, <a href=""https://www.clinicaltrialsregister.eu/ctr-search/trial/2020-001113-21/GB"">2020-001113-21</a>, <a href=""https://ClinicalTrials.gov/show/NCT04325061"">NCT04325061</a>, <a href=""https://ClinicalTrials.gov/show/NCT04344730"">NCT04344730</a>, <a href=""https://ClinicalTrials.gov/show/NCT04360876"">NCT04360876</a>, <a href=""https://ClinicalTrials.gov/show/NCT04327401"">NCT04327401</a>"
Dexmedetomidine				Covid trial		http://www.redo-project.org/covid19db/	5311068										0		"<a href=""http://www.chictr.org.cn/showproj.aspx?proj=51081"">ChiCTR2000030853</a>, <a href=""https://ClinicalTrials.gov/show/NCT04350086"">NCT04350086</a>"
Doxycycline				Covid trial		http://www.redo-project.org/covid19db/	54671203										0		"<a href=""https://ClinicalTrials.gov/show/NCT04349410"">NCT04349410</a>"
Ebastine				Covid trial		http://www.redo-project.org/covid19db/	3191										0		"<a href=""http://www.chictr.org.cn/showproj.aspx?proj=49790"">ChiCTR2000030535</a>"
Eicosapentaenoic acid				Covid trial		http://www.redo-project.org/covid19db/	446284										1		"<a href=""https://ClinicalTrials.gov/show/NCT04335032"">NCT04335032</a>"
Emtricitabine				Covid trial		http://www.redo-project.org/covid19db/	60877										1		"<a href=""http://www.chictr.org.cn/showproj.aspx?proj=48919"">ChiCTR2000029468</a>"
Enalapril				Covid trial		http://www.redo-project.org/covid19db/	5388962										0		"<a href=""https://ClinicalTrials.gov/show/NCT04345406"">NCT04345406</a>"
Enoxaparin				Covid trial		http://www.redo-project.org/covid19db/	772										0		"<a href=""http://www.chictr.org.cn/showproj.aspx?proj=50795"">ChiCTR2000030701</a>, <a href=""http://www.chictr.org.cn/showproj.aspx?proj=50786"">ChiCTR2000030700</a>, <a href=""https://ClinicalTrials.gov/show/NCT04362085"">NCT04362085</a>, <a href=""https://ClinicalTrials.gov/show/NCT04360824"">NCT04360824</a>, <a href=""https://ClinicalTrials.gov/show/NCT04345848"">NCT04345848</a>, <a href=""https://ClinicalTrials.gov/show/NCT04354155"">NCT04354155</a>"
Etoposide				Covid trial		http://www.redo-project.org/covid19db/	36462										0		"<a href=""https://ClinicalTrials.gov/show/NCT04356690"">NCT04356690</a>"
Favipiravir				Covid trial		http://www.redo-project.org/covid19db/	492405										1		"<a href=""https://ClinicalTrials.gov/show/NCT04319900"">NCT04319900</a>, <a href=""http://www.chictr.org.cn/showproj.aspx?proj=49042"">ChiCTR2000029600</a>, <a href=""http://www.chictr.org.cn/showproj.aspx?proj=49013"">ChiCTR2000029544</a>, <a href=""http://www.chictr.org.cn/showproj.aspx?proj=49988"">ChiCTR2000030113</a>, <a href=""http://www.chictr.org.cn/showproj.aspx?proj=49510"">ChiCTR2000029996</a>, <a href=""http://www.chictr.org.cn/showproj.aspx?proj=50137"">ChiCTR2000030254</a>, <a href=""http://www.chictr.org.cn/showproj.aspx?proj=51329"">ChiCTR2000030987</a>, <a href=""https://jrct.niph.go.jp/latest-detail/jRCTs031190226"">JPRN-jRCTs031190226</a>, <a href=""https://jrct.niph.go.jp/latest-detail/jRCTs041190120"">JPRN-jRCTs041190120</a>, <a href=""http://en.irct.ir/trial/46783"">IRCT20200318046812N1</a>, <a href=""http://en.irct.ir/trial/46942"">IRCT20151227025726N14</a>, <a href=""http://en.irct.ir/trial/47022"">IRCT20150808023559N20</a>, <a href=""https://www.clinicaltrials.jp/user/showCteDetailE.jsp?japicId=JapicCTI-205238"">JPRN-JapicCTI-205238</a>, <a href=""https://www.clinicaltrialsregister.eu/ctr-search/trial/2020-001435-27/FR"">2020-001435-27</a>, <a href=""https://ClinicalTrials.gov/show/NCT04336904"">NCT04336904</a>, <a href=""https://ClinicalTrials.gov/show/NCT04359615"">NCT04359615</a>, <a href=""https://ClinicalTrials.gov/show/NCT04358549"">NCT04358549</a>, <a href=""https://ClinicalTrials.gov/show/NCT04349241"">NCT04349241</a>, <a href=""https://ClinicalTrials.gov/show/NCT04303299"">NCT04303299</a>, <a href=""https://ClinicalTrials.gov/show/NCT04333589"">NCT04333589</a>, <a href=""https://ClinicalTrials.gov/show/NCT04310228"">NCT04310228</a>, <a href=""https://ClinicalTrials.gov/show/NCT04351295"">NCT04351295</a>, <a href=""https://ClinicalTrials.gov/show/NCT04345419"">NCT04345419</a>, <a href=""https://ClinicalTrials.gov/show/NCT04346628"">NCT04346628</a>"
Febuxostat				Covid trial		http://www.redo-project.org/covid19db/	134018										0		"<a href=""http://en.irct.ir/trial/46629"">IRCT20190727044343N1</a>"
Fingolimod				Covid trial		http://www.redo-project.org/covid19db/	107970										1		"<a href=""http://en.irct.ir/trial/46786"">IRCT20200317046797N2</a>, <a href=""https://ClinicalTrials.gov/show/NCT04280588"">NCT04280588</a>"
Fluvoxamine				Covid trial		http://www.redo-project.org/covid19db/	5324346										1		"<a href=""https://ClinicalTrials.gov/show/NCT04342663"">NCT04342663</a>"
Folic acid				Covid trial		http://www.redo-project.org/covid19db/	135398658										0		"<a href=""https://ClinicalTrials.gov/show/NCT04354428"">NCT04354428</a>"
Galidesivir				Covid trial		http://www.redo-project.org/covid19db/	10445549										0		"<a href=""https://ClinicalTrials.gov/show/NCT03891420"">NCT03891420</a>"
Heparin				Covid trial		http://www.redo-project.org/covid19db/	772										0		"<a href=""https://ClinicalTrials.gov/show/NCT04362085"">NCT04362085</a>"
Hydrocortisone				Covid trial		http://www.redo-project.org/covid19db/	5754										0		"<a href=""https://ClinicalTrials.gov/show/NCT04348305"">NCT04348305</a>, <a href=""https://ClinicalTrials.gov/show/NCT02735707"">NCT02735707</a>"
Hydrogen peroxide				Covid trial		http://www.redo-project.org/covid19db/	784										0		"<a href=""http://www.chictr.org.cn/showproj.aspx?proj=50660"">ChiCTR2000030539</a>"
IFX-1				Covid trial		http://www.redo-project.org/covid19db/	137254326										1		"<a href=""https://ClinicalTrials.gov/show/NCT04333420"">NCT04333420</a>"
IL2				Covid trial		http://www.redo-project.org/covid19db/	51397006										0		"<a href=""https://ClinicalTrials.gov/show/NCT04357444"">NCT04357444</a>"
Ibuprofen				Covid trial		http://www.redo-project.org/covid19db/	3672										1		"<a href=""https://ClinicalTrials.gov/show/NCT04334629"">NCT04334629</a>"
Isotretinoin				Covid trial		http://www.redo-project.org/covid19db/	5282379										0		"<a href=""https://ClinicalTrials.gov/show/NCT04361422"">NCT04361422</a>"
Leflunomide				Covid trial		http://www.redo-project.org/covid19db/	3899										0		"<a href=""http://www.chictr.org.cn/showproj.aspx?proj=49831"">ChiCTR2000030058</a>, <a href=""https://ClinicalTrials.gov/show/NCT04361214"">NCT04361214</a>"
Lenalidomide				Covid trial		http://www.redo-project.org/covid19db/	216326										0		"<a href=""https://ClinicalTrials.gov/show/NCT04361643"">NCT04361643</a>"
Levamisole				Covid trial		http://www.redo-project.org/covid19db/	26879										1		"<a href=""https://ClinicalTrials.gov/show/NCT04331470"">NCT04331470</a>, <a href=""https://ClinicalTrials.gov/show/NCT04360122"">NCT04360122</a>"
Levofloxacin				Covid trial		http://www.redo-project.org/covid19db/	149096										0		"<a href=""https://ClinicalTrials.gov/show/NCT02735707"">NCT02735707</a>"
Linagliptin				Covid trial		http://www.redo-project.org/covid19db/	10096344										1		"<a href=""https://ClinicalTrials.gov/show/NCT04341935"">NCT04341935</a>"
Lopinavir				Covid trial		http://www.redo-project.org/covid19db/	92727										1		"<a href=""https://www.clinicaltrialsregister.eu/ctr-search/trial/2020-001113-21/GB"">2020-001113-21</a>"
Losartan				Covid trial		http://www.redo-project.org/covid19db/	3961										1		"<a href=""http://en.irct.ir/trial/46824"">IRCT20180802040678N4</a>, <a href=""https://ClinicalTrials.gov/show/NCT04335123"">NCT04335123</a>, <a href=""https://ClinicalTrials.gov/show/NCT04343001"">NCT04343001</a>, <a href=""https://ClinicalTrials.gov/show/NCT04349410"">NCT04349410</a>, <a href=""https://ClinicalTrials.gov/show/NCT04328012"">NCT04328012</a>, <a href=""https://ClinicalTrials.gov/show/NCT04312009"">NCT04312009</a>, <a href=""https://ClinicalTrials.gov/show/NCT04311177"">NCT04311177</a>, <a href=""https://ClinicalTrials.gov/show/NCT04340557"">NCT04340557</a>"
Melatonin				Covid trial		http://www.redo-project.org/covid19db/	896										1		"<a href=""http://en.irct.ir/trial/47099"">IRCT20200411047030N1</a>, <a href=""https://ClinicalTrials.gov/show/NCT04353128"">NCT04353128</a>"
Methylprednisolone				Covid trial		http://www.redo-project.org/covid19db/	6741										1		"<a href=""http://www.chictr.org.cn/showproj.aspx?proj=49086"">ChiCTR2000029656</a>, <a href=""http://www.chictr.org.cn/showproj.aspx?proj=48777"">ChiCTR2000029386</a>, <a href=""http://en.irct.ir/trial/46776"">IRCT20200204046369N1</a>, <a href=""http://en.irct.ir/trial/46904"">IRCT20200404046947N1</a>, <a href=""https://www.clinicaltrialsregister.eu/ctr-search/trial/2020-001445-39/ES"">2020-001445-39</a>, <a href=""https://www.clinicaltrialsregister.eu/ctr-search/trial/2020-001307-16/ES"">2020-001307-16</a>, <a href=""https://www.clinicaltrialsregister.eu/ctr-search/trial/2020-001413-20/ES"">2020-001413-20</a>, <a href=""https://ClinicalTrials.gov/show/NCT04345445"">NCT04345445</a>, <a href=""https://ClinicalTrials.gov/show/NCT04355247"">NCT04355247</a>, <a href=""https://ClinicalTrials.gov/show/NCT04329650"">NCT04329650</a>, <a href=""https://ClinicalTrials.gov/show/NCT04349410"">NCT04349410</a>, <a href=""https://ClinicalTrials.gov/show/NCT04244591"">NCT04244591</a>, <a href=""https://ClinicalTrials.gov/show/NCT04273321"">NCT04273321</a>, <a href=""https://ClinicalTrials.gov/show/NCT04341038"">NCT04341038</a>, <a href=""https://ClinicalTrials.gov/show/NCT04263402"">NCT04263402</a>, <a href=""https://ClinicalTrials.gov/show/NCT04323592"">NCT04323592</a>, <a href=""https://ClinicalTrials.gov/show/NCT04343729"">NCT04343729</a>, <a href=""https://ClinicalTrials.gov/show/NCT03852537"">NCT03852537</a>"
Minocycline				Covid trial		http://www.redo-project.org/covid19db/	54675783										0		"<a href=""http://en.irct.ir/trial/46977"">IRCT20081019001369N4</a>"
Moxifloxacin				Covid trial		http://www.redo-project.org/covid19db/	152946										0		"<a href=""https://ClinicalTrials.gov/show/NCT02735707"">NCT02735707</a>"
N-acetylcysteine				Covid trial		http://www.redo-project.org/covid19db/	12035										0		"<a href=""http://www.chictr.org.cn/showproj.aspx?proj=50241"">ChiCTR2000030328</a>, <a href=""http://en.irct.ir/trial/46732"">IRCT20200324046850N1</a>, <a href=""http://www.ensaiosclinicos.gov.br/rg/RBR-8969zg/"">RBR-8969zg</a>"
Naproxen				Covid trial		http://www.redo-project.org/covid19db/	156391										1		"<a href=""http://en.irct.ir/trial/46718"">IRCT20200324046850N3</a>, <a href=""https://ClinicalTrials.gov/show/NCT04325633"">NCT04325633</a>"
Niclosamide				Covid trial		http://www.redo-project.org/covid19db/	4477										0		"<a href=""https://ClinicalTrials.gov/show/NCT04345419"">NCT04345419</a>"
Nicotinamide				Covid trial		http://www.redo-project.org/covid19db/	936										0		"<a href=""http://www.drks.de/DRKS00021214"">DRKS00021214</a>"
Nintedanib				Covid trial		http://www.redo-project.org/covid19db/	135423438										1		"<a href=""https://ClinicalTrials.gov/show/NCT04338802"">NCT04338802</a>"
Nitazoxanide				Covid trial		http://www.redo-project.org/covid19db/	41684										1		"<a href=""https://ClinicalTrials.gov/show/NCT04360356"">NCT04360356</a>, <a href=""https://ClinicalTrials.gov/show/NCT04361318"">NCT04361318</a>, <a href=""https://ClinicalTrials.gov/show/NCT04348409"">NCT04348409</a>, <a href=""https://ClinicalTrials.gov/show/NCT04359680"">NCT04359680</a>, <a href=""https://ClinicalTrials.gov/show/NCT04343248"">NCT04343248</a>, <a href=""https://ClinicalTrials.gov/show/NCT04345419"">NCT04345419</a>, <a href=""https://ClinicalTrials.gov/show/NCT04351347"">NCT04351347</a>, <a href=""https://ClinicalTrials.gov/show/NCT04341493"">NCT04341493</a>"
Nitric oxide				Covid trial		http://www.redo-project.org/covid19db/	145068										1		"<a href=""https://ClinicalTrials.gov/show/NCT04338828"">NCT04338828</a>, <a href=""https://ClinicalTrials.gov/show/NCT04305457"">NCT04305457</a>, <a href=""https://ClinicalTrials.gov/show/NCT04312243"">NCT04312243</a>, <a href=""https://ClinicalTrials.gov/show/NCT04306393"">NCT04306393</a>"
Noscapine				Covid trial		http://www.redo-project.org/covid19db/	275196										1		"<a href=""http://en.irct.ir/trial/46576"">IRCT20160625028622N1</a>"
Omeprazole				Covid trial		http://www.redo-project.org/covid19db/	4594										1		"<a href=""https://ClinicalTrials.gov/show/NCT04333407"">NCT04333407</a>"
Oseltamivir				Covid trial		http://www.redo-project.org/covid19db/	65028										1		"<a href=""http://en.irct.ir/trial/46681"">IRCT20151227025726N13</a>, <a href=""https://ClinicalTrials.gov/show/NCT04303299"">NCT04303299</a>, <a href=""https://ClinicalTrials.gov/show/NCT04338698"">NCT04338698</a>, <a href=""https://ClinicalTrials.gov/show/NCT04255017"">NCT04255017</a>, <a href=""https://ClinicalTrials.gov/show/NCT04261270"">NCT04261270</a>, <a href=""https://ClinicalTrials.gov/show/NCT02735707"">NCT02735707</a>"
Piclidenoson				Covid trial		http://www.redo-project.org/covid19db/	123683										1		"<a href=""https://ClinicalTrials.gov/show/NCT04333472"">NCT04333472</a>"
Piperacillin-tazobactam				Covid trial		http://www.redo-project.org/covid19db/	23724843										0		"<a href=""https://ClinicalTrials.gov/show/NCT02735707"">NCT02735707</a>"
Pirfenidone				Covid trial		http://www.redo-project.org/covid19db/	40632										1		"<a href=""https://ClinicalTrials.gov/show/NCT04282902"">NCT04282902</a>, <a href=""http://www.chictr.org.cn/showproj.aspx?proj=51118"">ChiCTR2000030892</a>, <a href=""http://www.chictr.org.cn/showproj.aspx?proj=51416"">ChiCTR2000031138</a>, <a href=""http://en.irct.ir/trial/46533"">IRCT20200314046764N1</a>"
Prednisolone				Covid trial		http://www.redo-project.org/covid19db/	5755										0		"<a href=""http://en.irct.ir/trial/46968"">IRCT20200318046812N2</a>"
Prednisone				Covid trial		http://www.redo-project.org/covid19db/	5865										0		"<a href=""https://www.clinicaltrialsregister.eu/ctr-search/trial/2020-001622-64/ES"">2020-001622-64</a>, <a href=""https://ClinicalTrials.gov/show/NCT04359511"">NCT04359511</a>"
Primaquine				Covid trial		http://www.redo-project.org/covid19db/	4908										0		"<a href=""https://ClinicalTrials.gov/show/NCT04349410"">NCT04349410</a>"
Pyridostigmine				Covid trial		http://www.redo-project.org/covid19db/	4991										0		"<a href=""https://ClinicalTrials.gov/show/NCT04343963"">NCT04343963</a>"
Rabeprazole				Covid trial		http://www.redo-project.org/covid19db/	5029										0		"<a href=""http://www.chictr.org.cn/showproj.aspx?proj=51693"">ChiCTR2000031454</a>"
Retinoic acid				Covid trial		http://www.redo-project.org/covid19db/	444795										0		"<a href=""https://ClinicalTrials.gov/show/NCT04353180"">NCT04353180</a>"
Ritonavir				Covid trial		http://www.redo-project.org/covid19db/	392622										1		"<a href=""http://www.chictr.org.cn/showproj.aspx?proj=49918"">ChiCTR2000030259</a>, <a href=""http://www.chictr.org.cn/showproj.aspx?proj=49753"">ChiCTR2000030472</a>, <a href=""https://www.clinicaltrialsregister.eu/ctr-search/trial/2020-001113-21/GB"">2020-001113-21</a>, <a href=""https://ClinicalTrials.gov/show/NCT04345276"">NCT04345276</a>, <a href=""https://ClinicalTrials.gov/show/NCT04291729"">NCT04291729</a>, <a href=""https://ClinicalTrials.gov/show/NCT04261270"">NCT04261270</a>"
Rivaroxaban				Covid trial		http://www.redo-project.org/covid19db/	9875401										1		"<a href=""https://ClinicalTrials.gov/show/NCT04333407"">NCT04333407</a>, <a href=""https://ClinicalTrials.gov/show/NCT04351724"">NCT04351724</a>"
Selinexor				Covid trial		http://www.redo-project.org/covid19db/	71481097										0		"<a href=""https://ClinicalTrials.gov/show/NCT04349098"">NCT04349098</a>, <a href=""https://ClinicalTrials.gov/show/NCT04355676"">NCT04355676</a>"
Senicapoc				Covid trial		http://www.redo-project.org/covid19db/	216327										0		"<a href=""https://www.clinicaltrialsregister.eu/ctr-search/trial/2020-001420-34/DK"">2020-001420-34</a>"
Sevoflurane				Covid trial		http://www.redo-project.org/covid19db/	5206										0		"<a href=""https://www.clinicaltrialsregister.eu/ctr-search/trial/2020-001379-34/ES"">2020-001379-34</a>, <a href=""https://ClinicalTrials.gov/show/NCT04359862"">NCT04359862</a>, <a href=""https://ClinicalTrials.gov/show/NCT04355962"">NCT04355962</a>"
Sildenafil				Covid trial		http://www.redo-project.org/covid19db/	135398744										1		"<a href=""https://ClinicalTrials.gov/show/NCT04304313"">NCT04304313</a>"
Simvastatin				Covid trial		http://www.redo-project.org/covid19db/	54454										1		"<a href=""https://www.clinicaltrialsregister.eu/ctr-search/trial/2020-001405-23/ES"">2020-001405-23</a>, <a href=""https://ClinicalTrials.gov/show/NCT04343001"">NCT04343001</a>"
Solnatide				Covid trial		http://www.redo-project.org/covid19db/	91864495										0		"<a href=""https://www.clinicaltrialsregister.eu/ctr-search/trial/2020-001244-26/AT"">2020-001244-26</a>"
Spironolactone				Covid trial		http://www.redo-project.org/covid19db/	5833										0		"<a href=""https://ClinicalTrials.gov/show/NCT04345887"">NCT04345887</a>"
Suramin				Covid trial		http://www.redo-project.org/covid19db/	5361										0		"<a href=""http://www.chictr.org.cn/showproj.aspx?proj=49824"">ChiCTR2000030029</a>"
Teicoplanin				Covid trial		http://www.redo-project.org/covid19db/	133065662										0		"<a href=""http://en.irct.ir/trial/46814"">IRCT20161204031229N3</a>"
Telmisartan				Covid trial		http://www.redo-project.org/covid19db/	65999										1		"<a href=""https://www.clinicaltrialsregister.eu/ctr-search/trial/2020-001435-27/FR"">2020-001435-27</a>, <a href=""https://www.clinicaltrialsregister.eu/ctr-search/trial/2020-001303-16/FR"">2020-001303-16</a>, <a href=""https://ClinicalTrials.gov/show/NCT04355936"">NCT04355936</a>, <a href=""https://ClinicalTrials.gov/show/NCT04360551"">NCT04360551</a>"
Tenofovir alafenamide				Covid trial		http://www.redo-project.org/covid19db/	9574768										0		"<a href=""http://www.chictr.org.cn/showproj.aspx?proj=48919"">ChiCTR2000029468</a>"
Thalidomide				Covid trial		http://www.redo-project.org/covid19db/	5426										1		"<a href=""https://ClinicalTrials.gov/show/NCT04273529"">NCT04273529</a>, <a href=""https://ClinicalTrials.gov/show/NCT04273581"">NCT04273581</a>"
Thymosin				Covid trial		http://www.redo-project.org/covid19db/	44286042										0		"<a href=""http://www.chictr.org.cn/showproj.aspx?proj=49161"">ChiCTR2000029806</a>"
Tinzaparin				Covid trial		http://www.redo-project.org/covid19db/	772										0		"<a href=""https://www.clinicaltrialsregister.eu/ctr-search/trial/2020-001246-18/FR"">2020-001246-18</a>, <a href=""https://ClinicalTrials.gov/show/NCT04362085"">NCT04362085</a>"
Tofacitinib				Covid trial		http://www.redo-project.org/covid19db/	9926791										1		"<a href=""https://ClinicalTrials.gov/show/NCT04332042"">NCT04332042</a>"
Tradipitant				Covid trial		http://www.redo-project.org/covid19db/	9916461										1		"<a href=""https://ClinicalTrials.gov/show/NCT04326426"">NCT04326426</a>"
Tranexamic acid				Covid trial		http://www.redo-project.org/covid19db/	5526										1		"<a href=""https://ClinicalTrials.gov/show/NCT04338074"">NCT04338074</a>, <a href=""https://ClinicalTrials.gov/show/NCT04338126"">NCT04338126</a>"
Tranilast				Covid trial		http://www.redo-project.org/covid19db/	5282230										0		"<a href=""http://www.chictr.org.cn/showproj.aspx?proj=49738"">ChiCTR2000030002</a>"
Triazavirin				Covid trial		http://www.redo-project.org/covid19db/	3113817										0		"<a href=""http://www.chictr.org.cn/showproj.aspx?proj=49723"">ChiCTR2000030001</a>"
Trifluoperazin				Covid trial		http://www.redo-project.org/covid19db/	5566										0		"<a href=""http://en.irct.ir/trial/47006"">IRCT20200408046992N1</a>"
Triiodothyronine				Covid trial		http://www.redo-project.org/covid19db/	5920										0		"<a href=""https://ClinicalTrials.gov/show/NCT04348513"">NCT04348513</a>"
Ulinastatin				Covid trial		http://www.redo-project.org/covid19db/	105102										0		"<a href=""http://www.chictr.org.cn/showproj.aspx?proj=50973"">ChiCTR2000030779</a>"
Umifenovir				Covid trial		http://www.redo-project.org/covid19db/	131411										1		"<a href=""https://ClinicalTrials.gov/show/NCT04252885"">NCT04252885</a>, <a href=""http://www.chictr.org.cn/showproj.aspx?proj=49428"">ChiCTR2000029803</a>, <a href=""http://en.irct.ir/trial/46897"">IRCT20180725040596N2</a>, <a href=""http://en.irct.ir/trial/47087"">IRCT20080901001165N46</a>, <a href=""https://ClinicalTrials.gov/show/NCT04350684"">NCT04350684</a>, <a href=""https://ClinicalTrials.gov/show/NCT04260594"">NCT04260594</a>"
Valsartan				Covid trial		http://www.redo-project.org/covid19db/	60846										1		"<a href=""https://ClinicalTrials.gov/show/NCT04335786"">NCT04335786</a>"
Verapamil				Covid trial		http://www.redo-project.org/covid19db/	2520										0		"<a href=""https://ClinicalTrials.gov/show/NCT04351763"">NCT04351763</a>"
Vitamin A				Covid trial		http://www.redo-project.org/covid19db/	445354										0		"<a href=""http://en.irct.ir/trial/46974"">IRCT20180520039738N2</a>, <a href=""http://en.irct.ir/trial/46564"">IRCT20170117032004N3</a>"
Vitamin D				Covid trial		http://www.redo-project.org/covid19db/	5280795										1		"<a href=""http://en.irct.ir/trial/46732"">IRCT20200324046850N1</a>, <a href=""http://en.irct.ir/trial/46875"">IRCT20200401046909N1</a>, <a href=""http://en.irct.ir/trial/47010"">IRCT20200401046909N2</a>, <a href=""https://www.clinicaltrialsregister.eu/ctr-search/trial/2020-001363-85/DK"">2020-001363-85</a>, <a href=""https://ClinicalTrials.gov/show/NCT04334512"">NCT04334512</a>, <a href=""https://ClinicalTrials.gov/show/NCT04334005"">NCT04334005</a>, <a href=""https://ClinicalTrials.gov/show/NCT04335084"">NCT04335084</a>, <a href=""https://ClinicalTrials.gov/show/NCT04344041"">NCT04344041</a>, <a href=""https://ClinicalTrials.gov/show/NCT04363840"">NCT04363840</a>"
Vitamin D3				Covid trial		http://www.redo-project.org/covid19db/	5280795										0		"<a href=""https://ClinicalTrials.gov/show/NCT04351490"">NCT04351490</a>"
Zinc				Covid trial		http://www.redo-project.org/covid19db/	23994										1		"<a href=""https://www.clinicaltrialsregister.eu/ctr-search/trial/2020-001363-85/DK"">2020-001363-85</a>, <a href=""https://ClinicalTrials.gov/show/NCT04334512"">NCT04334512</a>, <a href=""https://ClinicalTrials.gov/show/NCT04351490"">NCT04351490</a>, <a href=""https://ClinicalTrials.gov/show/NCT04335084"">NCT04335084</a>"
Zinc chloride				Covid trial		http://www.redo-project.org/covid19db/	5727										0		"<a href=""https://anzctr.org.au/ACTRN12620000454976.aspx"">ACTRN12620000454976</a>"
